국가별,2000,2000,2001,2001,2002,2002,2003,2003,2004,2004,2005,2005,2006,2006,2007,2007,2008,2008,2009,2009,2010,2010,2011,2011,2012,2012,2013,2013,2014,2014,2015,2015,2016,2016,2017,2017,2018,2018,2019,2019
국가별,특허출원접수,특허등록,특허출원접수,특허등록,특허출원접수,특허등록,특허출원접수,특허등록,특허출원접수,특허등록,특허출원접수,특허등록,특허출원접수,특허등록,특허출원접수,특허등록,특허출원접수,특허등록,특허출원접수,특허등록,특허출원접수,특허등록,특허출원접수,특허등록,특허출원접수,특허등록,특허출원접수,특허등록,특허출원접수,특허등록,특허출원접수,특허등록,특허출원접수,특허등록,특허출원접수,특허등록,특허출원접수,특허등록,특허출원접수,특허등록
아시아,,,,,,,,,,,,,,,,,,,,,,,,,,,,,,,,,,,,,,,,
한국,102010,34956,104612,34675,106136,45046,118651,44178,140115,49068,160921,73512,166189,120790,172469,123705,170632,83523,163523,56732,170101,68843,178924,94720,188915,113467,204589,127330,210292,129786,213694,101873,208830,108875,204775,120662,209992,119012,218975,125661
아르메니아,127,168,155,185,207,151,157,138,-,159,208,126,193,213,140,164,230,127,127,156,142,124,140,112,141,117,131,99,123,108,115,81,126,93,110,74,105,100,116,100
아제르바이잔,-,-,213,168,241,64,264,242,277,214,287,195,259,153,295,227,233,205,281,217,271,126,205,118,144,111,156,78,168,97,184,88,163,131,226,67,171,64,167,102
바레인,-,-,40,24,59,24,38,40,3,26,-,-,-,-,-,-,-,-,-,-,-,-,140,-,164,2,170,-,205,-,193,-,177,-,245,-,230,15,326,74
방글라데시,318,142,295,206,289,257,318,222,316,230,344,182,310,162,299,296,338,165,330,130,342,92,306,85,354,153,303,134,293,121,340,101,344,106,302,144,368,138,413,129
부탄,-,-,-,-,-,-,-,-,-,-,-,-,-,-,-,-,-,-,-,-,-,-,-,-,4,2,7,-,-,-,8,-,5,-,3,-,10,-,18,1
브루나이,21,21,21,21,21,21,43,43,31,31,26,26,41,41,64,64,75,75,42,42,-,40,-,53,31,86,35,93,117,71,-,-,89,-,107,41,121,-,141,46
캄보디아,-,-,-,-,-,-,-,-,-,-,-,-,-,-,13,-,39,-,28,-,26,-,43,-,53,-,75,-,67,-,65,1,80,19,55,23,159,56,-,-
중국,51906,13058,63450,16296,80232,21257,105317,37154,130384,49360,173327,53305,210501,57786,245161,67948,289838,93706,314604,128389,391177,135110,526412,172113,652777,217105,825136,207688,928177,233228,1101864,359316,1338503,404208,1381594,420144,1542002,432147,1400661,452804
키프로스,70,-,48,-,69,-,97,112,94,120,64,68,34,-,19,-,21,36,12,12,8,19,8,1,12,5,3,1,4,-,7,-,4,-,12,-,4,-,5,1
조지아,418,451,475,268,398,255,366,282,457,269,475,320,535,287,564,249,463,319,474,293,362,258,398,237,372,346,333,286,297,209,271,206,274,177,232,206,260,133,197,115
홍콩,8295,2737,8914,1146,9130,2023,9102,3075,10005,4242,11763,6518,13790,5146,13766,4839,13662,4001,11857,5650,11702,5353,13493,5050,12988,5035,13916,6564,12542,5932,12212,5963,14092,5698,13299,6671,15986,9651,16532,6780
인도,8538,1263,10592,1549,11465,1540,12613,1526,17466,2317,24382,4320,28928,7539,35218,15261,36812,16061,34287,6168,39762,7138,42291,5168,43955,4328,43031,3377,42854,6153,45658,6022,45057,8248,46582,12387,50055,13908,53627,23578
인도네시아,3890,-,3926,-,3843,-,3300,-,3668,-,4304,-,4612,-,5134,-,5133,1811,4518,-,5630,-,5830,-,-,-,7450,-,8023,-,9153,1911,9639,3005,9303,2309,9754,6374,11481,10514
이란,616,241,993,881,1195,642,1642,943,2782,1454,4494,2890,6527,4513,11150,7292,15955,10588,12700,6749,11636,5372,12018,5144,11054,5681,11643,3476,13802,3060,14279,2936,15632,3268,16259,4151,12823,3367,12147,2769
이라크,-,-,-,-,-,-,-,-,-,-,-,-,-,-,-,-,-,-,-,-,-,-,-,-,-,-,-,-,-,-,437,312,-,-,714,388,730,426,-,-
이스라엘,6802,2033,6769,1833,6308,1384,5898,1814,6414,2360,6826,2269,7496,2584,8009,2489,7742,1855,6774,2015,7306,2293,6886,5104,6792,3386,6185,3697,6273,3984,6908,4492,6419,4938,6813,-,7363,4107,7738,4197
일본,419543,125880,440248,121742,421805,119192,413093,122522,423081,124192,427078,122944,408674,141399,396291,164954,391002,176950,348596,193349,344598,222693,342610,238323,342796,274791,328436,277079,325989,227142,318721,189358,318381,203087,318481,199577,313567,194525,307969,179910
요르단,198,71,199,-,138,29,182,47,183,60,218,55,503,60,566,63,585,21,506,51,474,64,400,40,394,48,392,48,379,115,335,83,278,121,200,119,133,167,311,88
카자흐스탄,1515,1417,1706,1280,1697,-,1798,1366,1867,-,1626,-,1557,-,1827,-,1672,171,1827,1687,1964,1868,1732,1887,-,-,2202,1500,2013,1504,1503,1504,1224,1011,1228,869,982,778,-,186
북한,-,-,-,-,-,-,-,-,-,-,5927,3583,6406,4150,6922,4301,-,-,8011,6147,8057,6290,7995,6242,8381,6550,-,-,-,-,-,-,-,-,-,-,-,-,-,-
키르기스스탄,84,104,98,60,128,65,180,103,149,-,131,-,127,-,158,84,138,123,149,87,140,109,129,-,111,103,114,88,139,100,126,111,89,120,146,78,-,110,93,67
레바논,-,-,-,-,-,-,-,-,234,-,246,-,316,-,371,-,345,-,376,-,386,-,282,305,-,317,355,325,341,316,304,279,-,-,-,-,-,-,-,-
마카오,-,1,7,-,12,-,19,-,22,-,122,5,131,17,292,63,211,46,124,113,62,156,60,45,58,29,60,22,106,16,65,36,51,57,68,21,55,27,38,20
말레이시아,6227,405,5934,1470,4937,1492,5062,1578,5442,2347,6286,2508,4800,6749,2372,6983,5303,2242,5737,3468,6383,2160,6452,2353,6940,2460,7205,2660,7620,2705,7727,2877,7236,3324,7072,5063,7295,4287,7551,4106
몽골,-,45,182,176,226,163,253,235,229,165,187,197,213,174,-,-,-,-,143,132,179,96,-,-,-,-,265,212,265,216,237,234,219,157,228,105,161,76,170,177
네팔,-,3,-,7,-,4,-,-,-,1,-,3,-,2,-,1,-,-,-,-,-,-,23,2,17,2,30,1,46,-,82,2,37,-,63,-,-,-,-,-
파키스탄,1195,381,1226,350,1112,422,1127,363,1081,416,1284,393,1738,247,1558,188,1545,233,1212,252,1094,238,953,469,894,312,934,282,922,185,886,131,840,214,698,169,892,265,874,268
필리핀,3636,574,2605,1092,854,1125,1873,1167,2696,1453,2972,1642,3257,1196,3473,1787,3313,838,2997,1679,3393,1153,3196,1135,2994,1111,3285,2207,3589,2159,3734,2200,3419,4006,3395,1645,4300,3435,4380,1458
카타르,-,-,-,-,-,-,-,-,-,-,-,-,-,-,-,-,-,-,-,-,-,-,-,-,61,-,332,-,482,-,-,-,564,-,593,37,-,-,838,15
사우디아라비아,873,8,729,10,613,25,543,25,476,174,493,225,538,1044,770,274,-,205,-,253,931,194,990,252,-,-,931,233,787,561,2406,763,3266,595,3191,501,3399,569,3651,480
싱가포르,8236,5090,8250,7220,8199,7340,7874,4417,8585,5976,8605,7530,9163,7393,9951,7478,9692,6286,8736,5609,9773,4442,9794,5949,9685,5633,9722,5575,10312,5538,10814,7054,10980,7341,10930,6217,11845,5172,14136,4188
스리랑카,321,228,356,180,325,113,284,132,315,188,360,180,423,137,430,91,465,159,402,265,460,504,429,272,539,126,516,236,-,-,481,262,573,123,543,178,603,212,611,175
시리아,295,82,228,74,230,108,249,57,245,56,139,72,257,72,-,58,-,69,-,49,-,-,-,-,-,-,-,-,-,-,198,14,112,32,136,3,148,37,153,58
타지키스탄,52,43,84,33,39,36,31,23,34,21,36,-,26,437,-,-,-,-,12,10,10,3,5,5,6,1,4,2,-,-,1,-,-,-,-,-,-,-,2,1
태국,5049,416,5332,796,4489,1102,5131,1028,5373,716,6340,553,6261,1121,6818,948,6741,966,5857,846,1937,772,3924,900,6746,1008,7404,1149,7930,1286,8167,1364,7820,1838,7865,3080,8149,3818,8172,3121
터키,3433,1147,3212,2128,1838,1794,837,1185,917,979,1146,823,1232,659,2021,628,2397,549,2732,648,3357,-,4113,893,4666,1004,4661,1211,5097,1276,5841,1723,6848,1764,8555,1900,7466,2882,8088,1941
아랍에미리트,-,-,-,-,-,-,-,-,-,-,-,-,-,-,-,-,-,-,-,-,-,-,1351,100,1351,40,1426,63,1472,110,1753,177,1574,222,1800,-,1783,451,1904,1278
우즈베키스탄,968,476,1246,485,918,525,1102,158,478,178,444,407,509,272,522,312,448,288,412,235,632,192,556,179,510,175,557,184,568,179,507,153,555,166,553,205,650,219,543,378
베트남,1239,727,1286,783,1211,743,1150,774,1431,698,1947,668,2166,669,2860,725,3199,666,2890,706,3582,822,3560,1006,3805,1068,3995,1182,4447,1397,5033,1388,5228,1423,5382,1745,6071,2219,7520,2620
예멘,29,-,24,-,28,-,29,-,37,-,43,-,48,-,35,-,85,-,72,-,75,-,44,-,85,51,80,62,53,20,30,15,32,-,28,28,-,8,75,13
북아메리카,,,,,,,,,,,,,,,,,,,,,,,,,,,,,,,,,,,,,,,,
캐나다,39622,12125,39716,12019,39741,8910,37228,11551,38201,13077,39888,15516,42038,14972,40131,18550,42089,18703,37477,19497,35449,19120,35111,20762,35242,21819,34741,23833,35481,23749,36964,22201,34745,26424,35022,24099,36161,23499,36488,22009
멕시코,13061,5527,13565,5476,13062,6616,12207,6052,13198,6838,14435,8098,15505,9632,16599,9957,16581,10440,14281,9629,14576,9399,14055,11485,15314,12358,15444,10368,16135,9819,18071,9338,17413,8652,17184,8510,16424,8921,15941,8702
미국,295895,157496,326471,166038,334445,163518,342441,169035,356943,164291,390733,143806,425966,173770,456154,157283,456321,157772,456106,167349,490226,219614,503582,224505,542815,253155,571612,277835,578802,300678,589410,298407,605571,303049,606956,318829,597141,307759,621453,354430
남아메리카,,,,,,,,,,,,,,,,,,,,,,,,,,,,,,,,,,,,,,,,
앤티가바부다,-,-,-,-,-,-,-,-,-,-,-,-,-,-,-,9,-,-,-,-,-,-,8,-,7,-,7,-,15,-,10,-,12,-,8,-,10,-,-,-
아르헨티나,6636,1587,5779,1233,4861,911,4557,1367,4602,840,5269,1798,5617,2922,5743,2769,5582,1214,4976,1354,4717,1366,4821,1291,4813,932,4772,1297,4682,1360,4125,1559,3809,1879,3443,2302,3667,1525,3702,2177
아루바,-,-,-,-,1,3,-,-,-,-,-,-,-,-,-,-,-,-,-,-,-,-,-,-,-,-,-,-,-,-,-,-,-,-,-,-,-,-,-,-
바하마,-,-,-,-,-,-,-,-,-,-,-,-,-,-,-,-,-,-,-,-,-,-,-,-,86,125,76,123,114,238,70,192,37,47,52,20,-,-,-,-
바베이도스,-,-,85,6,93,8,123,1,80,1,76,7,44,15,112,-,85,-,79,-,88,-,71,6,36,16,42,9,39,3,45,10,41,26,-,-,-,-,31,-
벨리즈,-,-,-,-,-,-,-,-,16,-,33,-,42,7,48,-,54,-,-,-,-,-,49,2,51,4,32,10,36,28,26,8,37,4,32,4,24,16,32,9
볼리비아,-,-,-,-,-,-,-,-,-,-,-,-,-,-,-,-,-,-,-,-,-,-,-,-,-,21,-,43,303,97,-,75,253,86,336,63,-,-,-,-
브라질,17283,-,17849,3589,16685,4623,16411,-,16713,-,18498,2439,19842,2465,21663,1855,23170,2513,22406,2772,24999,3251,28649,3439,30435,2830,30884,2972,30342,2749,30219,3411,28010,4195,25658,5450,24857,9966,25396,10947
칠레,3120,601,2750,406,2538,457,2405,231,2867,351,3007,311,3215,406,3806,583,3952,1398,1717,1797,1076,1020,2792,1013,3019,770,3072,898,3105,1168,3274,1058,2907,2077,2894,1574,3100,1599,3237,1490
콜롬비아,1769,595,497,363,912,372,1209,291,1441,294,1761,256,2003,223,1990,227,1944,409,1679,-,1872,639,1953,617,2061,1667,2032,2264,2158,1212,2242,1003,2203,917,2372,1164,2223,1271,2157,1630
코스타리카,75,12,212,28,243,26,271,6,320,14,440,13,593,6,667,13,798,46,523,35,614,34,623,35,587,66,598,100,544,111,599,125,506,68,523,189,498,166,499,191
쿠바,-,-,-,-,-,-,-,-,-,110,285,64,257,73,284,70,258,92,231,140,-,-,246,154,178,84,170,125,150,94,-,-,195,93,174,74,155,93,115,89
도미니카연방,-,-,-,-,-,-,-,-,-,-,-,-,-,-,-,-,-,-,-,-,-,-,-,-,-,-,-,-,-,-,-,-,4,-,3,-,4,-,-,-
도미니카공화국,68,-,157,-,183,-,202,-,205,-,225,-,295,-,145,-,53,94,255,273,343,91,333,71,284,114,268,68,260,129,252,155,270,100,271,127,228,95,243,158
에콰도르,551,42,263,31,114,21,422,41,503,24,591,38,759,40,798,33,849,64,674,64,694,28,-,-,-,-,482,13,382,20,495,14,374,10,417,17,405,10,437,17
엘살바도르,-,-,-,-,-,-,-,-,-,-,-,-,-,-,-,-,-,-,-,-,-,-,-,-,217,33,183,48,187,77,203,35,175,40,182,24,139,36,148,117
그레나다,-,-,-,-,-,-,-,-,-,-,-,-,-,-,-,-,-,-,-,-,-,-,-,-,26,-,33,-,17,-,9,9,17,14,-,-,-,-,-,-
과테말라,304,96,315,22,301,147,302,75,275,124,405,104,528,-,108,110,311,96,329,191,381,104,331,39,344,86,323,65,298,105,348,51,269,52,278,50,234,30,238,50
가이아나,-,-,-,-,-,-,-,-,-,-,-,-,-,-,-,-,-,-,-,-,-,-,-,-,14,-,16,-,20,1,13,-,18,10,23,21,20,6,-,-
아이티,-,-,-,19,-,15,-,10,-,13,-,11,-,30,-,37,-,24,-,24,10,10,14,35,17,-,11,-,21,-,-,-,-,-,-,-,-,-,-,-
온두라스,139,63,162,238,168,47,-,173,-,16,275,85,233,11,127,30,330,31,256,46,307,81,255,151,241,136,217,132,220,94,228,69,195,53,193,54,156,88,187,85
자메이카,101,20,76,69,69,69,50,72,72,-,69,-,153,43,163,-,136,-,127,-,156,-,113,48,107,20,119,42,155,28,70,74,78,5,68,2,79,2,65,1
니카라과,143,136,-,-,-,-,-,-,-,-,-,-,-,-,-,-,-,-,-,-,-,-,210,61,176,68,127,72,146,62,-,-,-,-,-,-,-,-,-,-
파나마,160,15,214,-,230,-,260,-,218,91,303,228,440,238,475,231,371,310,370,392,468,378,441,321,234,325,87,266,287,166,403,78,417,13,409,4,497,147,362,133
파라과이,222,-,265,-,182,-,185,-,205,-,265,-,385,-,332,-,278,-,261,-,365,-,-,-,-,-,-,-,-,-,-,-,-,-,-,-,350,13,-,-
페루,1078,308,1010,537,869,550,924,545,823,505,1020,388,1271,306,1359,327,1535,359,694,385,300,365,1168,385,1190,431,1266,287,1287,332,1249,362,1163,403,1219,510,1222,625,1259,713
세인트루시아,-,-,7,7,-,-,-,-,-,-,-,-,-,34,-,-,-,-,-,-,-,-,-,-,-,-,-,-,-,-,-,-,5,-,3,-,2,-,-,-
세인트빈센트그레나딘,2,2,-,-,-,-,-,-,-,-,-,-,-,-,-,-,-,-,-,-,-,-,-,-,2,-,8,-,8,-,7,-,-,-,3,10,4,8,3,2
트리니다드토바고,154,-,239,-,223,17,231,-,208,-,206,-,278,81,319,64,281,90,-,-,-,-,-,-,215,57,174,34,188,39,168,33,136,60,171,66,139,26,113,68
우루과이,616,140,595,-,496,55,549,94,551,86,613,-,756,-,774,-,739,64,780,17,784,29,687,13,700,22,-,-,676,31,558,19,-,-,523,27,-,-,-,-
베네수엘라,2348,756,-,-,2217,781,2069,328,1957,45,2353,-,2540,-,2542,-,2376,-,2111,-,1843,-,1625,-,1526,-,1463,-,1432,-,975,-,595,-,434,-,-,-,-,-
유럽,,,,,,,,,,,,,,,,,,,,,,,,,,,,,,,,,,,,,,,,
알바니아,62,6,120,49,238,87,391,201,416,390,386,395,426,116,366,420,378,541,361,402,341,349,11,21,-,-,4,9,13,5,19,10,25,5,24,10,18,12,5,2
안도라,-,-,-,-,-,-,-,-,-,-,-,-,-,-,-,-,-,-,-,-,-,-,-,-,-,-,-,-,-,-,-,-,3,-,6,4,11,6,15,11
오스트리아,2301,1217,2099,1385,2261,1564,2333,1360,2514,961,2505,938,2649,1564,2672,1237,2627,1301,2555,1102,2673,1130,2430,1198,2552,1439,2406,1256,2363,962,2441,1356,2315,1135,2305,1102,2207,1189,2274,1112
벨라루스,1198,537,1144,529,1274,682,1380,1061,1265,861,1462,955,1525,1130,1662,1379,1730,1252,1926,1297,1933,1222,1871,1474,1871,1291,1634,1117,757,1938,691,902,521,949,524,861,547,627,393,461
벨기에,820,822,835,839,748,508,707,629,636,715,622,708,651,548,617,519,708,526,817,364,760,532,763,541,882,795,876,745,1026,373,1097,567,1173,1620,1217,1016,1110,1019,1133,998
보스니아-헤르체고비나,273,-,361,-,-,-,274,21,396,14,372,46,217,272,-,-,71,127,-,-,65,173,55,115,16,57,29,31,43,5,-,-,66,12,99,4,96,5,59,2
불가리아,940,481,1068,425,1024,376,958,389,396,299,313,313,291,317,239,264,271,268,266,242,260,251,283,128,259,101,297,125,234,72,291,37,241,42,225,77,198,181,193,195
크로아티아,875,379,961,221,1031,187,1086,177,1224,135,1012,140,436,183,437,147,401,138,318,154,278,82,251,184,249,155,253,159,200,90,186,45,188,35,159,20,136,21,211,20
체코,4939,1611,4752,1719,5557,1454,3579,1831,1252,1514,830,1551,836,1324,908,1203,854,1280,881,1293,982,911,880,687,1017,668,1081,611,972,688,952,749,839,781,860,669,732,512,813,509
덴마크,1870,405,1945,370,1984,465,1925,513,2015,784,1823,389,1691,162,1857,221,1829,225,1649,211,1768,155,1771,110,1635,190,1534,309,1583,292,1732,430,1850,409,1772,419,1501,322,1579,501
에스토니아,804,84,717,257,719,349,602,261,124,198,38,163,45,189,63,185,72,172,96,132,97,120,77,129,25,116,42,78,50,38,36,24,30,27,41,15,30,14,32,5
핀란드,2903,1939,2660,2047,2369,2055,2187,2414,2220,2075,2059,1757,2018,1059,2015,921,1946,997,1933,1055,1833,923,1774,841,1827,836,1737,711,1545,787,1416,931,1368,815,1529,704,1487,533,1396,505
프랑스,17353,11274,17104,11347,16908,9998,16850,11587,17290,11836,17275,11473,17249,13788,17109,12112,16419,10811,15693,10529,16580,9899,16754,10213,16632,12913,16886,11405,16533,11889,16300,12699,16218,12374,16247,11865,16222,12249,15869,13593
독일,62142,14707,60475,14351,58187,14860,58481,17434,59234,16661,60222,17063,60585,21034,60992,17739,62417,17308,59583,14435,59245,13678,59444,11719,61340,11332,63167,13858,65965,15030,66893,14795,67899,15652,67712,15653,67898,16367,67434,18255
그리스,340,210,434,246,412,354,420,306,407,354,482,320,562,303,595,368,658,444,720,442,744,479,741,364,656,291,717,282,670,316,573,262,646,271,589,261,579,240,594,248
헝가리,4937,1605,5448,1445,5906,1278,4810,1421,2657,977,1202,1126,924,1089,791,637,772,551,787,415,696,65,698,445,758,477,708,1351,619,376,633,365,665,271,532,155,443,156,450,135
아이슬란드,876,16,762,42,450,42,805,80,529,69,592,101,371,112,114,138,81,163,86,79,76,139,71,67,44,47,46,43,64,54,46,17,38,22,44,36,66,16,62,9
아일랜드,439,393,521,216,461,156,440,360,385,326,406,226,448,167,444,144,457,108,415,191,350,87,230,114,216,101,135,116,118,69,203,48,149,64,137,60,108,52,93,48
이탈리아,9273,5285,9487,4871,9500,6209,9401,6523,9247,4763,9331,5534,10903,5560,10125,6508,9449,7318,9717,18277,9723,16106,9721,6380,9310,5625,9212,8114,9382,7795,9687,7153,9821,6429,9674,4855,9821,6424,10127,8617
라트비아,179,163,180,181,214,177,115,168,151,135,169,122,151,120,147,122,215,178,243,202,185,184,183,180,205,154,233,136,107,141,137,147,113,68,97,87,110,51,87,52
리투아니아,127,148,123,128,131,104,113,109,114,98,115,116,99,89,82,69,105,75,107,84,114,84,108,96,124,92,137,93,165,120,119,133,153,103,127,143,105,92,123,112
룩셈부르크,176,63,121,98,83,44,24,89,41,-,88,29,52,55,40,46,71,34,84,55,100,87,128,65,161,112,169,-,218,152,247,153,444,184,668,487,395,423,476,326
북마케도니아,124,74,125,62,251,48,71,126,53,106,68,373,59,463,118,524,39,336,50,334,28,406,40,392,53,520,46,378,-,-,-,-,-,-,-,-,-,-,-,-
몰타,116,89,133,97,202,125,-,-,471,298,-,-,805,653,39,317,48,299,29,34,19,4,15,1,17,11,17,15,13,4,11,10,4,6,12,6,17,7,12,23
몰도바,250,234,454,226,269,230,296,241,306,256,388,269,312,288,347,268,295,250,139,290,150,132,108,63,115,51,96,61,139,54,124,61,155,70,110,62,113,79,100,57
모나코,13,14,20,19,12,22,8,9,9,11,7,9,13,5,16,16,10,14,10,8,11,5,9,13,8,6,5,5,10,5,6,8,14,9,35,10,15,28,15,4
네덜란드,2994,2820,2653,2975,2603,2743,2861,2557,2743,2372,2850,2373,2716,2361,2446,2319,2732,2058,2854,1948,2767,1947,2895,2042,2713,1895,2764,2029,2582,1722,2494,1377,2604,1914,2606,2307,2505,1972,2677,1936
노르웨이,6700,2412,6431,2448,6287,520,5861,487,5490,318,5986,542,6076,518,6656,1774,5430,1631,3604,1642,1813,1631,1776,1612,1564,1310,1749,1430,1563,1413,1805,1446,2060,2525,2060,2147,1674,1548,1539,1211
폴란드,7303,2463,6530,2022,6605,2262,6241,1748,7740,1794,6583,2522,2812,2686,2753,3534,2778,3590,3140,3958,3430,3004,4123,3112,4657,2484,4411,2804,4096,2852,4815,2572,4396,3548,4041,2904,4322,2980,3999,3042
포르투갈,146,139,163,194,179,50,165,221,187,204,205,231,220,125,281,187,405,165,617,146,545,140,646,145,647,112,669,130,740,97,945,76,751,38,680,55,690,69,807,80
루마니아,1290,1137,1405,893,1841,809,1174,932,1137,1100,984,759,876,787,886,684,1031,689,1091,681,1418,447,1463,430,1077,384,1046,451,1036,356,1053,305,1063,355,1178,407,1147,363,939,357
러시아,32337,17592,34090,16292,33308,18105,34870,24758,30190,23191,32253,23390,37691,23299,39439,23028,41849,28808,38564,34824,42500,30322,41414,29999,44211,32880,44914,31638,40308,33950,45517,34706,41587,33536,36883,34254,37957,35774,35511,34008
산마리노,-,-,-,-,-,-,-,-,-,-,29,-,39,-,62,-,74,-,104,-,126,-,64,-,-,-,166,160,195,201,303,290,479,467,618,624,695,686,752,753
슬로바키아,2040,894,1942,1043,1858,71,1647,704,453,555,250,560,283,543,345,574,242,566,239,554,282,376,257,317,203,161,210,115,234,94,256,82,235,122,206,82,231,109,234,91
슬로베니아,431,262,408,282,401,294,370,294,384,260,373,285,299,228,346,231,307,207,385,246,453,250,481,318,-,-,-,-,-,-,-,-,-,-,-,-,278,232,-,-
스페인,3194,2208,2995,2242,3134,1333,3180,1942,3184,2034,3353,2769,3427,2165,3532,2667,3884,2277,3803,2602,3779,2773,3626,2812,3475,2720,3244,3004,3178,3235,3020,2561,2922,2308,2343,2011,1674,1760,1447,1272
스웨덴,5068,2126,4500,2265,3955,2607,3728,2950,3230,3232,2960,1911,2859,1490,2925,1287,2855,1224,2649,1248,2549,1380,2341,1039,2436,999,2495,685,2425,588,2428,889,2384,866,2297,1031,2280,1063,2190,920
스위스,2551,877,2453,1276,2293,959,2227,764,2176,751,2098,-,2102,948,2034,737,2033,787,2078,969,2155,741,2043,368,2988,455,2156,534,2048,677,1923,687,1771,617,1628,771,1615,614,1717,615
우크라이나,7224,5772,8818,11670,2754,9178,3073,11046,5779,-,5592,3719,5890,3705,6163,-,5697,3832,4814,4002,5312,3874,5253,4061,4955,3405,5412,3635,4813,3319,4497,3014,4095,2813,4047,2590,3968,2469,3852,2255
영국,32747,8253,32081,7555,31531,8636,31624,9755,29954,10541,27988,10159,25745,7907,24999,5930,23379,5360,22465,5428,21929,5594,22259,7173,23235,6864,22938,5235,23040,4986,22801,5464,22059,5602,22072,6311,20941,5982,19250,5948
유고슬라비아,848,3,1474,42,1641,132,1039,179,-,-,-,-,-,-,-,-,-,-,-,-,-,-,-,-,-,-,-,-,-,-,-,-,-,-,-,-,-,-,-,-
몬테네그로,-,-,-,-,-,-,-,-,-,-,-,-,-,-,-,-,917,-,-,-,159,264,103,406,78,291,23,121,13,14,23,10,10,8,10,-,3,11,16,7
세르비아,-,-,-,-,-,-,-,-,1167,175,981,265,705,173,516,278,623,290,359,411,329,427,229,179,224,167,221,136,212,105,191,86,213,68,184,47,174,44,177,59
아프리카,,,,,,,,,,,,,,,,,,,,,,,,,,,,,,,,,,,,,,,,
알제리,159,80,145,91,334,200,326,279,392,305,524,443,669,479,849,214,-,246,-,618,806,1076,897,1546,900,352,840,183,813,281,805,353,672,383,743,256,673,162,638,140
앙골라,-,-,-,-,-,-,-,-,-,-,-,-,-,-,-,-,-,-,-,-,-,-,-,-,-,-,-,-,-,-,-,-,-,-,-,-,120,-,110,-
보츠와나,-,-,-,-,-,-,-,-,-,-,-,-,-,-,-,-,-,-,-,-,-,-,9,6,14,1,9,3,9,-,8,4,7,3,7,4,3,-,2,-
부르키나파소,2,-,-,-,-,-,1,-,2,-,1,-,-,-,-,-,-,-,-,-,2,-,-,-,-,-,-,-,-,-,-,-,-,-,-,-,-,-,-,-
부룬디,-,-,-,-,-,-,-,-,-,-,-,-,-,-,-,-,-,-,-,-,-,-,-,-,-,-,-,4,-,1,-,13,-,6,-,27,-,28,-,-
카보베르데,-,-,-,-,-,-,-,-,-,-,-,-,-,-,-,-,-,-,-,-,-,-,-,-,-,-,-,-,-,-,-,-,3,-,2,-,4,1,1,-
코트디부아르,-,-,-,-,-,-,-,-,-,-,-,-,-,-,-,-,-,-,-,-,-,-,-,-,27,-,-,-,-,-,-,-,-,-,-,-,-,-,-,-
지부티,-,-,-,-,-,-,-,-,-,-,-,-,-,-,-,-,-,-,-,-,-,-,-,-,-,-,3,-,4,-,-,-,-,-,-,-,-,-,-,-
이집트,1615,453,1387,430,1415,757,1119,638,694,325,1436,147,1966,130,2105,300,2130,364,1942,321,2230,321,2209,483,2211,634,2057,465,2136,415,2055,472,2178,450,2279,581,2255,690,2183,747
에티오피아,12,4,15,16,13,14,9,2,4,1,5,9,10,6,37,13,-,-,-,-,-,-,38,6,14,2,25,2,24,6,50,6,36,11,53,6,62,10,-,-
감비아,-,1,-,3,-,8,-,7,-,3,-,2,-,7,-,7,-,-,-,-,-,-,-,-,-,-,-,-,-,-,2,2,2,2,4,4,-,-,16,16
가나,-,-,-,-,-,-,-,-,-,-,-,-,-,-,-,-,-,-,-,-,-,-,-,-,-,-,-,-,-,-,-,-,31,25,26,5,52,9,-,-
케냐,-,-,-,-,72,7,95,20,84,15,93,48,82,29,132,17,152,42,171,87,197,54,257,59,259,76,241,71,207,53,193,24,203,26,178,43,286,26,335,28
마다가스카르,55,-,38,51,29,15,23,48,38,26,42,32,44,28,76,25,77,34,44,27,43,55,61,41,44,44,51,40,34,24,19,23,36,19,51,23,46,31,30,15
말라위,20,1,-,-,-,2,-,2,-,-,1,-,-,-,-,-,-,-,-,-,1,1,3,1,4,4,4,3,5,-,6,1,4,7,-,-,-,-,-,-
말리,-,-,4,-,4,-,-,-,-,-,4,-,1,-,3,-,1,-,8,-,1,-,-,-,-,-,-,-,-,-,-,-,-,-,-,-,-,-,-,-
모리셔스,-,-,-,-,-,-,-,-,-,-,-,-,-,-,21,2,24,-,20,3,16,8,20,2,18,6,20,5,21,9,21,4,38,2,19,4,29,7,27,4
모로코,104,-,-,-,528,313,-,-,561,1219,660,556,910,699,932,747,1011,969,991,-,1034,808,1049,979,1040,979,1144,937,1097,-,1021,-,1303,352,2224,413,2537,600,2730,357
모잠비크,8,6,1,1,9,9,16,15,4,5,14,14,18,21,44,40,16,-,24,-,40,-,23,-,40,-,43,43,60,60,54,54,40,35,50,-,47,-,47,-
나미비아,-,-,-,-,-,-,-,-,-,-,-,-,-,-,-,-,-,-,-,-,-,-,-,-,-,-,-,-,-,-,24,23,32,28,25,16,36,4,20,30
나이지리아,-,-,-,-,-,-,-,-,-,-,-,-,-,-,-,-,-,-,-,-,-,-,811,595,718,528,919,645,-,-,-,-,235,886,280,552,338,842,-,-
르완다,-,7,-,12,-,2,-,3,-,2,-,3,-,4,-,20,-,-,-,-,-,-,-,-,70,24,-,-,12,-,6,-,6,-,6,176,7,-,-,75
상투메프린시페,-,-,-,-,-,-,-,-,-,-,-,-,-,-,-,-,-,-,1,-,1,-,2,-,-,-,8,-,3,-,-,-,238,1,379,3,408,8,-,-
세이셸,-,-,-,-,-,-,-,-,-,-,-,-,-,-,-,-,-,-,-,-,-,-,-,-,-,-,-,-,-,-,-,-,14,9,46,29,17,11,12,-
남아프리카공화국,3295,3399,6393,2826,6600,5150,6225,5759,6789,1803,7004,1831,7605,1440,8317,1455,7941,1742,6735,1639,6383,5331,7245,5296,7444,6205,7295,4756,7552,5065,7497,4499,7210,4255,7544,5535,6915,4746,6914,6162
수단,22,66,14,45,22,115,17,90,21,147,22,174,16,85,16,140,343,173,334,130,254,125,252,140,157,264,269,216,8,190,268,196,285,164,293,177,380,204,245,139
에스와티니,-,-,-,-,-,-,-,-,-,-,-,-,-,-,-,-,-,-,-,-,-,-,6,6,3,3,-,-,2,2,2,2,-,-,-,-,-,-,-,-
탄자니아,-,-,3,-,2,2,1,1,3,3,3,3,1,1,4,4,5,5,3,3,1,1,2,2,-,-,3,3,4,4,2,1,-,-,-,-,25,6,-,5
튀니지,257,257,178,178,103,103,155,155,269,269,338,338,456,456,492,492,548,546,557,555,621,620,680,674,626,613,549,535,542,552,589,589,583,583,555,555,451,451,-,-
우간다,-,1,-,-,-,-,5,1,13,7,3,-,11,1,7,2,-,2,-,2,-,-,-,1,-,1,14,3,8,1,9,-,16,-,-,2,6,2,-,-
잠비아,-,-,31,29,9,31,13,9,28,15,27,14,13,6,39,12,43,8,18,24,17,12,24,15,38,32,39,21,39,23,32,17,33,27,22,18,24,12,23,9
짐바브웨,-,-,-,29,-,-,-,-,-,-,-,-,-,-,-,-,-,-,-,-,-,-,-,-,-,-,23,-,27,-,28,-,13,-,-,-,-,-,-,-
오세아니아,,,,,,,,,,,,,,,,,,,,,,,,,,,,,,,,,,,,,,,,
오스트레일리아,22001,13548,22735,13703,22545,13612,21594,13056,22833,12739,23857,10979,26003,9426,26840,11236,26346,11863,23681,12410,24887,14557,25526,17877,26358,17724,29717,17112,25956,19304,28605,23098,28394,23744,28906,22742,29957,17065,29758,17010
뉴질랜드,7048,4587,7275,3539,6948,2582,6873,10124,6531,5571,7005,4189,7365,3412,7844,3592,5724,3203,6358,3412,6636,4347,6209,4710,7099,6152,6781,4752,7728,4677,6501,4259,6386,3910,6160,2430,6238,2039,6014,1642
파푸아뉴기니,-,-,-,-,-,-,-,-,-,-,-,-,-,-,-,-,46,1,-,-,-,-,-,-,-,-,79,57,-,-,47,70,-,-,-,-,-,-,-,-
사모아,-,-,-,-,-,-,7,7,2,-,-,-,-,-,11,11,-,-,-,-,-,-,-,-,-,126,-,-,100,-,4,64,-,-,-,-,1,-,3,3
